Type,Name,EssenceType,Ratio,Xp,Time,Labor,Level,Table,,,,,
Tag,Advanced Research,ResearchEssenceItem,10,3.8,5.2,340,4,ArcaneKnowledgeCircleObject,Essences,ResearchEssenceItem,,unique stuff,54
Tag,AdvancedUpgrade,ResearchEssenceItem,25,5.1,8.8,830,4,ArcaneKnowledgeCircleObject,,LifeEssenceItem,,,
Tag,Animal Skin,LifeEssenceItem,0.5,1.1,0.8,60,1,ArcaneLivingCircleObject,,EarthEssenceItem,,,
Tag,AshlarStone,EarthEssenceItem,5,3.1,5.6,260,6,ArcaneMaterialCircleObject,,FoodEssenceItem,,,
Tag,BakedFood,FoodEssenceItem,1,1.5,1.8,70,3,ArcaneLivingCircleObject,,FireEssenceItem,,,
Tag,Basic Research,ResearchEssenceItem,2,1.9,2,90,3,ArcaneKnowledgeCircleObject,,NatureEssenceItem,,,
Tag,BasicUpgrade,ResearchEssenceItem,15,4.1,4.6,380,3,ArcaneKnowledgeCircleObject,,MetalEssenceItem,,,
Type,BisonCarcassItem,LifeEssenceItem,5,2.8,2.8,150,3,ArcaneLivingCircleObject,,,,,
Tag,Bread,FoodEssenceItem,0.5,1.1,1.6,60,3,ArcaneLivingCircleObject,,,,,
Tag,NaturalFiber2,FireEssenceItem,0.02,0.1,0.8,60,1,ArcaneMaterialCircleObject,,,,,
Tag,CampfireSalad,FoodEssenceItem,0.5,1.1,0.8,60,1,ArcaneLivingCircleObject,,,,,
Tag,CharredFruit,FoodEssenceItem,0.1,0.4,0.8,60,1,ArcaneLivingCircleObject,,,,,
Tag,CharredGreen,FoodEssenceItem,0.1,0.4,0.8,60,1,ArcaneLivingCircleObject,,,,,
Tag,CharredVegetable,FoodEssenceItem,0.1,0.4,0.8,60,1,ArcaneLivingCircleObject,,,,,
Tag,Clothes,NatureEssenceItem,4,2.4,1.8,100,2,ArcaneMaterialCircleObject,,,,,
Tag,Coal,FireEssenceItem,0.2,0.7,1.6,60,3,ArcaneMaterialCircleObject,,,,,
Tag,CompositeLumber,NatureEssenceItem,8,3.6,5.8,340,5,ArcaneMaterialCircleObject,,,,,
Tag,ConcentratedOre,MetalEssenceItem,2,1.9,2,90,3,ArcaneMaterialCircleObject,,,,,
Tag,Concrete,EarthEssenceItem,3,2.3,2.2,110,3,ArcaneMaterialCircleObject,,,,,
Tag,Crop,FoodEssenceItem,0.1,0.4,0.8,60,1,ArcaneLivingCircleObject,,,,,
Tag,CrushedRock,EarthEssenceItem,0.1,0.4,0.8,60,1,ArcaneMaterialCircleObject,,,,,
Tag,Essence,ResearchEssenceItem,0.01,0.1,1.6,60,3,ArcaneKnowledgeCircleObject,,,,,
Tag,Fabric,NatureEssenceItem,0.5,1.1,0.8,60,1,ArcaneMaterialCircleObject,,,,,
Tag,Fat,FoodEssenceItem,0.5,1.1,1.2,60,2,ArcaneLivingCircleObject,,,,,
Tag,Fertilizer,NatureEssenceItem,1,1.5,1.4,70,2,ArcaneMaterialCircleObject,,,,,
Tag,FertilizerFiller,NatureEssenceItem,0.75,1.2,1.2,60,2,ArcaneMaterialCircleObject,,,,,
Tag,FriedVegetable,FoodEssenceItem,0.25,0.8,1.2,60,2,ArcaneLivingCircleObject,,,,,
Tag,Fruit,FoodEssenceItem,0.1,0.4,0.8,60,1,ArcaneLivingCircleObject,,,,,
Tag,Fungus,FoodEssenceItem,0.1,0.4,0.8,60,1,ArcaneLivingCircleObject,,,,,
Tag,Gear,MetalEssenceItem,2,2.1,3.2,120,5,ArcaneMaterialCircleObject,,,,,
Tag,Harvestable,FoodEssenceItem,0.1,0.4,0.8,60,1,ArcaneLivingCircleObject,,,,,
Tag,HewnLog,NatureEssenceItem,0.4,1,0.8,60,1,ArcaneMaterialCircleObject,,,,,
Tag,LargeFish,LifeEssenceItem,1,1.5,1.4,70,2,ArcaneLivingCircleObject,,,,,
Tag,Lumber,NatureEssenceItem,1.5,1.7,1.8,80,3,ArcaneMaterialCircleObject,,,,,
Tag,Marine Life,LifeEssenceItem,0.25,0.8,0.8,60,1,ArcaneLivingCircleObject,,,,,
Tag,MediumCarcass,LifeEssenceItem,2.5,2,1.6,80,2,ArcaneLivingCircleObject,,,,,
Tag,MediumFish,LifeEssenceItem,0.5,1.1,0.8,60,1,ArcaneLivingCircleObject,,,,,
Tag,Metal,MetalEssenceItem,1.5,1.8,2.4,90,4,ArcaneMaterialCircleObject,,,,,
Tag,Modern Research,ResearchEssenceItem,45,6.4,20.8,2360,6,ArcaneKnowledgeCircleObject,,,,,
Tag,ModernUpgrade,ResearchEssenceItem,25,5.2,11.4,1040,5,ArcaneKnowledgeCircleObject,,,,,
Tag,MortaredStone,EarthEssenceItem,0.2,0.7,1.2,60,2,ArcaneMaterialCircleObject,,,,,
Tag,NaturalFiber,NatureEssenceItem,0.02,0.1,0.8,60,1,ArcaneMaterialCircleObject,,,,,
Tag,Ore,MetalEssenceItem,0.75,1.2,1.2,60,2,ArcaneMaterialCircleObject,,,,,
Tag,Road,EarthEssenceItem,0.2,0.7,1.2,60,2,ArcaneMaterialCircleObject,,,,,
Tag,Rock,EarthEssenceItem,0.01,0.1,0.8,50,1,ArcaneMaterialCircleObject,,,,,
Tag,Salad,FoodEssenceItem,0.3,0.8,1.2,60,2,ArcaneLivingCircleObject,,,,,
Tag,Seeds,NatureEssenceItem,0.05,0.2,0.8,60,1,ArcaneMaterialCircleObject,,,,,
Tag,Skill Books,ResearchEssenceItem,1,1.5,1.4,70,2,ArcaneKnowledgeCircleObject,,,,,
Tag,SmallCarcass,LifeEssenceItem,1,1.4,0.8,60,1,ArcaneLivingCircleObject,,,,,
Tag,SmallFish,LifeEssenceItem,0.25,0.8,0.8,60,1,ArcaneLivingCircleObject,,,,,
Type,SpoiledFoodItem,NatureEssenceItem,0.01,0.1,0.8,50,1,ArcaneMaterialCircleObject,,,,,
Tag,TinyCarcass,LifeEssenceItem,0.5,1.1,0.8,60,1,ArcaneLivingCircleObject,,,,,
Tag,Wood,NatureEssenceItem,0.2,0.7,0.8,60,1,ArcaneMaterialCircleObject,,,,,
Tag,WoodBoard,NatureEssenceItem,0.5,1.1,0.8,60,1,ArcaneMaterialCircleObject,,,,,